#SampleID,BarcodeSequence,LinkerPrimerSequence,SampleType,Year,Month,Day,SampleLongitude,SampleLatitude,SampleSiteDescription,SampleDepth,SampleFootFall,SampleVegetation,SampleGrass,SampleNearbyObjects,SampleHabitat,SampleDistanceFromTree,SampleTrees,SampleLeaves,SampleBiodiversity,SampleFauna,SampleRoots,SampleWeatherTemp,SampleMoisture,SampleDescription,SoilCompactness,SoilTexture,SampleAbioticFactors,SamplePh,SamplePotassium,SampleNitrogen,SamplePhosphorus,Description,Env,SourceSink
515rcbc8,GACTCAACCAGT,GTGYCAGCMGCCGCGGTAA,soil,2017,10,17,51.5248,-0.131,"no grass, close to a tree, some roots were growing close to where the sample was taken.",12.5,none,none,None,N/A,Tree,N/A,1,N/A,Medium,N/A,Roots,15,Dry,Very dry and powder like. There were a few stones present,Fine,Sandy loam,Stones,5,Medium,Trace,High,team1,soil,sink
515rcbc9,GCCTCTACGTCG,GTGYCAGCMGCCGCGGTAA,soil,2017,10,17,51.52477,-0.13122,"sample taken between two trees, leaves on ground, no flowers/grass",10,none,none,None,N/A,Tree,N/A,2,Leaves,Low,N/A,N/A,15,Dry,"dry, stony, crumbly, hard",Crumbly,Slit loam,N/A,5.6,Trace,Trace,Low,team2,soil,source
515rcbc10,ACTACTGAGGAT,GTGYCAGCMGCCGCGGTAA,soil,2017,10,17,51.5241141,-0.1312857,"Underneath a log. Many woodlice, millipedes, snails, slugs, earwigs.",10,none,none,None,N/A,Log,N/A,N/A,N/A,High,N/A,N/A,15,Dry,"Fairly compact. Mostly soil, few small rocks. Patches of wet mud deeper in. Crumbles easily",Crumbly,Loam,Rocks,9,Trace,Medium,Medium,team3,soil,source
515rcbc11,AATTCACCTCCT,GTGYCAGCMGCCGCGGTAA,soil,2017,10,17,51.5245,-0.1316,"shrubs, away from footpaths; three nearby plants with average distance 0.5m, glass fragments and charcoal were seen, covered by leaves",9.5,none,shrubs,N/A,Plants,Shrub,N/A,N/A,Leaves,Medium,N/A,N/A,14,Moist,"heavy - sticks together and difficult to dig, stony, rubbly, moist",Compact,Clay,Rocks,5,Trace,Low,High,team4,soil,source
515rcbc12,CGTATAAATGCG,GTGYCAGCMGCCGCGGTAA,soil,2017,10,17,51.535722,-0.159251,"Regents canal, around 1m away from the water. Nearby trees, ivy. No grass.",3,none,none,None,Ivy,Canal,N/A,1,N/A,Low,N/A,N/A,14,Moist,"Dark brown colour, solid, probably contains clay",Compact,Clay,N/A,5.5,Medium,Trace,Medium,team5,soil,source
515rcbc13,ATGCTGCAACAC,GTGYCAGCMGCCGCGGTAA,soil,2017,10,17,51.52453,-0.13123,"1m away from the footpath, 5m away from a tree",11.5,none,grass,Grass,N/A,Footpath,5,1,N/A,Medium,N/A,Roots,15,Moist,"Dark, moist, semi-compact soil. Small rocks. Reached a 2mm thick root.",Compact,Loam,Rocks,5.5,Low,Low,Medium,team6,soil,source
515rcbc14,ACTCGCTCGCTG,GTGYCAGCMGCCGCGGTAA,soil,2017,10,17,51.52461,-0.13103,"Approx. 2.5m from footpath and 10m from road, 2m away from a tree",10.5,none,grass,Grass,N/A,Footpath,2,1,N/A,Medium,N/A,Roots,15,Dry,"Crumbly, dry, coarse, mostly soil and a few small rocks and roots",Crumbly,Slit loam,Rocks,5.5,Trace,Trace,Low,team7,soil,source
515rcbc15,TTCCTTAGTAGT,GTGYCAGCMGCCGCGGTAA,soil,2017,10,17,51.5244,-0.1309,"Open field, over 2 metres from foot paths, trees, etc.",7,none,grass,Grass,N/A,Open field,2,N/A,N/A,Medium,N/A,N/A,14,Moist,Medium loam,N/A,Loam,N/A,5,Medium,Trace,Medium,team8,soil,source
515rcbc16,CGTCCGTATGAA,GTGYCAGCMGCCGCGGTAA,soil,2017,10,17,51.52457,-0.13064,1m from a big tree next to a bench,15,none,shrubs,N/A,N/A,Bench,2,1,N/A,Medium,N/A,N/A,14,Moist,"dark brown, fine with some pebbles.",Fine,Loam,Pebbles,5.5,Trace,Trace,Low,team9,soil,source
515rcbc17,ACGTGAGGAACG,GTGYCAGCMGCCGCGGTAA,soil,2017,10,17,51.524641,-0.131086,Underneath a tree,10.8,none,none,None,N/A,Tree,0,N/A,N/A,Low,N/A,N/A,14,Dry,Crumbly and dry. Some small rocks and clumped soil.,Crumbly,Slit loam,Rocks,5,Medium,Trace,Low,team10,soil,source
515rcbc18,GGTTGCCCTGTA,GTGYCAGCMGCCGCGGTAA,soil,2017,10,17,51.5242733,-0.1307983,"Many plants, shrubs and flowers nearby. The location was below the tree but not within the range of the trees root",14,none,shrubs,N/A,Plants,Tree,0,1,N/A,Medium,N/A,No roots,14,Moist,Many granules and clay present,Crumbly,Clay,N/A,8.5,Trace,Low,Medium,team11,soil,source
515rcbc19,CATATAGCCCGA,GTGYCAGCMGCCGCGGTAA,soil,2017,10,17,51.5242961,-0.13133,"3.5m from the footpath, closer to the wall/perimeter of the park - 2m, directly beside a tree with green/yellow variegated leaves; a place unlikely to be trampled.",16,none,shrubs,N/A,Radishes,Tree,2,1,Leaves,High,Log fauna,Roots,15,Dry,"First inch of soil, dry and sand-like. The remaining depth was dark, semi-compact, crumbly, moist soil. Few pebbles encountered along with 2 small, white baby radishes. The hole also contained thin roots of an adjacent tall plant. There was a wet, soft piece of a log, inside the hole.",Fine,Loam,Pebbles,9,Low,Low,Medium,team12,soil,source
515rcbc20,GCCTATGAGATC,GTGYCAGCMGCCGCGGTAA,soil,2017,10,17,51.565109,-0.09202,Cooked food waste and wedge peelings compost,10,none,mycelium,N/A,Compost,Compost,N/A,N/A,N/A,High,Mycelium,N/A,13,Dry,dry soil with small bits of wood and mycelium,N/A,Sandy loam,N/A,5,Medium-High,High,High,team13,soil,source
515rcbc21,CAAGTGAAGGGA,GTGYCAGCMGCCGCGGTAA,soil,2017,10,17,51.5243,-0.1309,Next to flower bed,10,none,grass,Grass,Plants,Flower bed,N/A,N/A,N/A,Medium,N/A,No roots,14,Moist,Slightly sandy with no stones or roots,Fine,Sandy loam,None,9,Low,Low,Low,team14,soil,source
515rcbc22,CACGTTTATTCC,GTGYCAGCMGCCGCGGTAA,soil,2017,10,17,51.5244,-0.13072,"1m from a tree, 1.5m from a footpath",10,none,grass,Grass,N/A,Tree,1,1,N/A,High,Worms,N/A,14,Moist,"slightly moist and crumbly, 2 worms in the soil",Crumbly,Loam,N/A,6.5,Low,Trace,Medium,team15,soil,source
515rcbc23,TAATCGGTGCCA,GTGYCAGCMGCCGCGGTAA,soil,2017,10,17,51.52446,-0.13049,"1 m from the footpath, elevated flower bed next to the perimeter of the park, under a tree and surrounded by small bushes, no grass",14,none,bushes,None,Twigs,Tree,0,1,Leaves,High,Worms,N/A,14,Dry,"dry and compact, surface covered by leaves and branches. Pebbles were encountered in the first 5 cm along with a large worm.",Compact,Slit loam,Pebbles,5.7,Trace,Trace,Medium,team16,soil,source
515rcbc24,TGACTAATGGCC,GTGYCAGCMGCCGCGGTAA,soil,2017,10,17,51.524541,-0.131043,"Edge of flower bed, adjacent to grass in the centre of Gordon Square park",3,minimal,none,Adjacent,Plants,Flower bed,N/A,N/A,N/A,Medium,N/A,Roots,14,Dry,"crumbly loam, some small rocks and roots from neighbouring grass and flowers",Crumbly,Loam,Rocks,8,Trace,Medium,Trace,team17,soil,source
515rcbc25,CGGGACACCCGA,GTGYCAGCMGCCGCGGTAA,soil,2017,10,17,51.52424,-0.13053,"1.5m from tree, 2m from path",9.5,none,grass,Grass,N/A,Tree,1.5,1,N/A,High,Worms,N/A,14,Dry,"dark brown, dry, fine, powdery, compact, some small rocks and worms",Fine,Slit loam,Rocks,5,Low,Trace,Trace-Low,team18,soil,source
515rcbc26,CTGTCTATACTA,GTGYCAGCMGCCGCGGTAA,soil,2017,10,17,51.52415,-0.13074,"Edge of a shrubbery flowerbed, near grass",15,none,none,Adjacent,Plants,Flower bed,N/A,N/A,N/A,Medium,N/A,N/A,15,Moist,Hard with some moisture and small rocks,Compact,Clay,Rocks,9,Trace-Low,Trace-Low,Trace-Low,team19,soil,source
515rcbc27,TATGCCAGAGAT,GTGYCAGCMGCCGCGGTAA,soil,2017,10,17,51.5240476,-0.1310242,Bushes around,10,none,bushes,N/A,N/A,Shrub,N/A,N/A,N/A,Medium,N/A,N/A,14,Dry,"Crumbly, dry, few small rocks",Crumbly,Slit loam,Rocks,9,Trace,Trace,Medium,team20,soil,source
515rcbc28,CGTTTGGAATGA,GTGYCAGCMGCCGCGGTAA,soil,2017,10,17,51.5239,-0.1309,below large tree and near smaller tree,10,high,grass,Grass,N/A,Tree,0,2,N/A,Medium,N/A,N/A,14,Moist,"moist, fairly even, slightly sandy",Crumbly,Loam,N/A,5,Low,Trace,Medium,team21,soil,source
515rcbc29,AAGAACTCATGA,GTGYCAGCMGCCGCGGTAA,soil,2017,10,17,51.524339,-0.131135,"Immediately under a tree, next to roots.",10,none,tree,N/A,Twigs,Tree,0,1,N/A,Medium,N/A,Roots,14,Moist,"moist, dark brown, quite a few rocks and twigs",N/A,Loam,Rocks,6.5,Trace-Low,Low,Medium,team22,soil,source
515rcbc30,TGATATCGTCTT,GTGYCAGCMGCCGCGGTAA,soil,2017,10,17,51.5266048,-0.1332937,approximately 60 ft from the footpath and 1 ft from the London planetree.,8.5,none,none,None,N/A,Tree,0.3,1,N/A,Medium,N/A,Roots,14,Dry,"dry, sandy with some pebbles and tiny roots, pale brown coloured - light brown at the surface and a darker/deeper brown below surface",Crumbly,Sandy loam,Pebbles,8.5,Trace,Medium,Low-Medium,team23,soil,source
515rcbc31,CGGTGACCTACT,GTGYCAGCMGCCGCGGTAA,soil,2017,10,17,51.52422,-0.1302,elevated area under Plane trees approximately 2 m away from footpath and 30 cm away from park wall,12,none,none,None,N/A,Tree,0,1,N/A,High,Worms,N/A,14,Dry,"dry, dark brown, perhaps with some clay, few small worms, few small stones",N/A,Slit loam,Stones,8,Trace,Medium,Medium,team24,soil,source
515rcbc32,AATGCGCGTATA,GTGYCAGCMGCCGCGGTAA,soil,2017,10,17,51.5240065,-0.1300144,"about 5 m from the footpath and 5 m away from a quiet road. shaded by a tree, covered with bark chips, fallen leaves and stones. Roots from two old tress nearby can be seen on the surface of the ground. 50 cm from a small sapling and 5 m from two large trees which shaded the ground below",10,none,none,None,Bark chips,Tree,5,2,Leaves,Medium,N/A,Roots,14,Dry,"medium hardness soil crumbles when shaken with moderate force, slightly damp, smooth soil, mixture of bark and small pebbles mixed in the soil, deep brown coloured soil",Crumbly,Loam,Stones,9,Trace,Low-Medium,Low,team25,soil,source
515rcbc33,CTTGATTCTTGA,GTGYCAGCMGCCGCGGTAA,soil,2017,10,17,51.5241,-0.1303,"Under a tree but not near the trunk - about 2m from it -, in an area of very little grass and many leaves, near bird feed",11,none,none,Litte grass,Bird feed,Tree,2,N/A,Leaves,Medium,N/A,N/A,15,Dry,"Dark, clay-like and very dry. Quite smooth but a little gritty. Found a piece of ceramic",Fine,Clay,Ceramic,9,Trace,Low-Medium,Low,team26,soil,source
515rcbc34,GAAATCTTGAAG,GTGYCAGCMGCCGCGGTAA,soil,2017,10,17,51.5241494,-0.130816,Near a Geranium Rozanne - Cranesbill - shrub,10,none,shrubs,N/A,Geranium Rozanne,Shrub,N/A,N/A,N/A,High,Worms,N/A,15,Dry,Sandy with some pebbles and worms,Fine,Sandy loam,Pebbles,9,Trace,Trace,Low,team27,soil,source
515rcbc35,GAGATACAGTTC,GTGYCAGCMGCCGCGGTAA,soil,2017,10,17,51.5237466,-0.1308888,"elevated area ca 12m away from footpath, surrounded by vegetation - within 0.5m distance: three small green-leaved plants 10-20cm tall, one small green-leaved tree",16,none,none,None,Fertiliser,Tree,0.5,1,Leaves,Medium,N/A,Roots,14,Moist,"moist, dense, dark brown colour, Soil contained: smaller than 5cm rocks, ca 1mm thin roots, white fertilisers",Compact,Loam,Rocks,9,Trace,Medium,Medium,team28,soil,source
515rcbc36,GTGGAGTCTCAT,GTGYCAGCMGCCGCGGTAA,soil,2017,10,17,51.523722,-0.130722,"about 10 metres away from footpath, Bushes, weeds, small rocks. and lots of fallen leaves and twigs. No grass.",10,none,bushes,None,Twigs,Shrub,N/A,N/A,Leaves,Medium,N/A,N/A,14,Moist,"Tightly packed, fine with occasional small rocks",N/A,Slit loam,Rocks,8.5,Low,Medium,Medium,team29,soil,source
515rcbc37,ACCTTACACCTT,GTGYCAGCMGCCGCGGTAA,soil,2017,10,17,51.5244894,-0.131737,The surface where we dug the soil was initially covered by yellow fallen leaves. It was surrounded by grass and a dwarf green leafy plant.,11,none,grass,Grass,Plants,Shrub,N/A,N/A,Leaves,Medium,N/A,N/A,14,Dry,"Coarse, crumbly and semi-compact. A few rocks present in the soil. Relatively dry",Crumbly,Slit loam,Rocks,5,Medium,Medium,Medium,team30,soil,source
